ID,BGU_Q1684_SNP0001_CM027690.1_4470546,BGU_Q1684_SNP0002_CM027690.1_6715510,BGU_Q1684_SNP0003_CM027690.1_8822945,BGU_Q1684_SNP0004_CM027690.1_8823039,BGU_Q1684_SNP0005_CM027690.1_10904729,BGU_Q1684_SNP0006_CM027690.1_14159096,BGU_Q1684_SNP0007_CM027690.1_31651543,BGU_Q1684_SNP0010_CM027690.1_37477692,BGU_Q1684_SNP0011_CM027690.1_38593893,BGU_Q1684_SNP0012_CM027690.1_41911332
6000,G / C,T / T,A / A,C / C,G / G,C / C,C / C,G / G,FAIL,TTA / TTA
6002,G / C,A/A,A / T,C / G,G / G,C / C,C / C,G / G,FAIL,TTT / TTG
6003,G / C,T / T,A / T,C / C,G / G,C / C,C / C,G / G,FAIL,TTA / TTA
6006,G / G,FAIL,A / A,C / C,G / G,C / C,C / C,G / G,FAIL,TTA / TTG
1740,G / G,T / T,A / T,C / C,G / G,C / C,C / C,FAIL,FAIL,TTA / TTA
1901,C / C,T / T,A / A,C / T,G / G,C / C,C / C,G / G,FAIL,TTT / CTG
1518,C / C,T / T,A / A,C / C,G / G,C / C,C / C,G / G,FAIL,TTA / TTA
1545,G / G,A / A,A / A,C / C,G / G,C / C,C / C,FAIL,FAIL,TTT / TTG
1511,G / C,T / T,A / A,C / C,G / G,C / C,C / C,G / G,FAIL,TTA / TTA
1515,G / G,T / T,A / A,C / C,G / A,C / C,C / T,G / G,FAIL,CAT / TTG
1673,G / G,A / A,A / T,G / G,G / G,C / C,C / C,G / G,FAIL,TTA / TTA
1754,G / G,T / T,A / A,C / C,G / G,C / C,C / C,FAIL,FAIL,AT / TTA